TrackTitle,TrackDescription,FileName,Keywords,MediaCode,TrackTime,TrackCD,TrackTrack,TrackIndex,
Airport,Airport,AMBSci_Airport_SCI01-002,AirportB.wav | Space Science Fiction,Serafine Sci Fi,0020.0,,0,0,
Airport,Airport,AMBSci_Airport_SCI01-003,AirportC.wav | Space Science Fiction,Serafine Sci Fi,0034.0,,0,0,
Alarm - Alarm Annoying : 3 Alarm Sounds,Alarm - Alarm Annoying : 3 Alarm Sounds,SCIAlrm_Tone Alarm Annoying_SCI01-274,ToneAlarmAnnoying.wav | Space Science Fiction,Serafine Sci Fi,0004.0,,0,0,
Alarm - Alarm Crunchy,Alarm - Alarm Crunchy,ALRMBuzr_Tone Alarm Crunchy Accelerate_SCI01-282,ToneAlarmCrunchyAccelerate.wav | Space Science Fiction,Serafine Sci Fi,0015.0,,0,0,
Alarm - Alarm Delay,Alarm - Alarm Delay,ALRMElec_Tone Alarm Ripple Up Long_SCI01-296,ToneAlarmRippleUpLong.wav | Space Science Fiction,Serafine Sci Fi,0116.0,,0,0,
Alarm - Alarm Dual-Pitch Slow,Alarm - Alarm Dual-Pitch Slow,ALRMElec_Tone Alarm Pulse Dual_SCI01-291,ToneAlarmPulseDual.wav | Space Science Fiction,Serafine Sci Fi,0009.0,,0,0,
Alarm - Alarm Fast,Alarm - Alarm Fast,ALRMBuzr_Tone Alarm Fast_SCI01-283,ToneAlarmFast.wav | Space Science Fiction,Serafine Sci Fi,0006.0,,0,0,
Alarm - Alarm High-Low : 3 Alarms Alt. High & Low Pitch,Alarm - Alarm High-Low : 3 Alarms Alt. High & Low Pitch,ALRMElec_Tone Alarm High Low_SCI01-284,ToneAlarmHighLow.wav | Space Science Fiction,Serafine Sci Fi,0053.0,,0,0,
Alarm - Alarm Industrial,Alarm - Alarm Industrial,ALRMBuzr_Tone Alarm Industrial Pulse Short_SCI01-286,ToneAlarmIndustrialPulseShort.wav | Space Science Fiction,Serafine Sci Fi,0007.0,,0,0,
Alarm - Alarm Loud,Alarm - Alarm Loud,ALRMElec_Tone Alarm Pulse Loud_SCI01-292,ToneAlarmPulseLoud.wav | Space Science Fiction,Serafine Sci Fi,0007.0,,0,0,
Alarm - Alarm Mutating,Alarm - Alarm Mutating,ALRMElec_Tone Alarm Pulse Changing Pitch_SCI01-290,ToneAlarmPulseChangingPitch.wav | Space Science Fiction,Serafine Sci Fi,0018.0,,0,0,
Alarm - Alarm Obnoxious Accelerating,Alarm - Alarm Obnoxious Accelerating,ALRMBuzr_Tone Alarm Obnox Pulse_SCI01-287,ToneAlarmObnoxPulse.wav | Space Science Fiction,Serafine Sci Fi,0015.0,,0,0,
Alarm - Alarm Powerful,Alarm - Alarm Powerful,ALRMElec_Tone Alarm Power Pulse Long_SCI01-288,ToneAlarmPowerPulseLong.wav | Space Science Fiction,Serafine Sci Fi,0120.0,,0,0,
Alarm - Alarm Resonant,Alarm - Alarm Resonant,ALRMElec_Tone Alarm Resonating Accelerate_SCI01-295,ToneAlarmResonatingAccelerate.wav | Space Science Fiction,Serafine Sci Fi,0021.0,,0,0,
Alarm - Alarm Short,Alarm - Alarm Short,ALRMElec_Tone Alarm Pulse Up_SCI01-293,ToneAlarmPulseUp.wav | Space Science Fiction,Serafine Sci Fi,0008.0,,0,0,
Alarm - Alarm Short 2,Alarm - Alarm Short 2,ALRMElec_Tone Alarm Pulse Up Long_SCI01-294,ToneAlarmPulseUpLong.wav | Space Science Fiction,Serafine Sci Fi,0011.0,,0,0,
Alarm - Alarm Sonar,Alarm - Alarm Sonar,BOATSub_Tone Alarm Sonar Pulse Long_SCI01-298,ToneAlarmSonarPulseLong.wav | Space Science Fiction,Serafine Sci Fi,0016.0,,0,0,
Alarm - Alarm Transforming,Alarm - Alarm Transforming,SCIAlrm_Tone Alarm Trans Ripple Long_SCI01-300,ToneAlarmTransRippleLong.wav | Space Science Fiction,Serafine Sci Fi,0115.0,,0,0,
Alarm - Alarm Uptempo,Alarm - Alarm Up Tempo,SCIAlrm_Tone Alarm Uptempo_SCI01-303,ToneAlarmUptempo.wav | Space Science Fiction,Serafine Sci Fi,0007.0,,0,0,
Alarm - Alarm Varispeed: Same Sound Alt.  Speed & Pitch,Alarm - Alarm Varispeed: Same Sound Alt. Speed & Pitch,SCIAlrm_Tone Alarm Variations_SCI01-304,ToneAlarmVariations.wav | Space Science Fiction,Serafine Sci Fi,0019.0,,0,0,
Alien Communication Time Warp,Alien Communication Time Warp,SCIEnrg_Alien Communication Time Warp_SCI01-004,AlienCommunicationTimeWarp.wav | Space Science Fiction,Serafine Sci Fi,0035.0,,0,0,
Alien Dental,Alien Dental,VOXAlien_Alien Dental_SCI01-005,AlienDental.wav | Space Science Fiction,Serafine Sci Fi,0019.0,,0,0,
Alien Growl,Alien Growl,VOXAlien_Creature Alien Growl_SCI01-044,CreatureAlienGrowl.wav | Space Science Fiction,Serafine Sci Fi,0014.0,,0,0,
Alien Laser Probe,Alien Laser Probe,LASRGun_Alien Laser Probe_SCI01-006,AlienLaserProbe.wav | Space Science Fiction,Serafine Sci Fi,0013.0,,0,0,
Alien Power Tool,Alien Power Tool,VOXAlien_Alien Power Tool_SCI01-007,AlienPowerTool.wav | Space Science Fiction,Serafine Sci Fi,0010.0,,0,0,
Alien Probe,Alien Probe,VOXAlien_Alien Probe_SCI01-008,AlienProbe.wav | Space Science Fiction,Serafine Sci Fi,0054.0,,0,0,
Alien Sub Sonic Turbine Engine,Alien Sub Sonic Turbine Engine,SCIMach_Alien Sub Sonic Turbine Engine_SCI01-009,AlienSubSonicTurbineEngine.wav | Space Science Fiction,Serafine Sci Fi,0252.0,,0,0,
Ambience Aliased Verb,Ambience Aliased Verb,AMBSci_Ambience Aliased Verb_SCI01-010,AmbienceAliasedVerbA.wav | Space Science Fiction,Serafine Sci Fi,0007.0,,0,0,
Ambience Aliased Verb,Ambience Aliased Verb,AMBSci_Ambience Aliased Verb_SCI01-011,AmbienceAliasedVerbB.wav | Space Science Fiction,Serafine Sci Fi,0008.0,,0,0,
Ambience Alien,Ambience Alien,AMBSci_Ambience Alien_SCI01-012,AmbienceAlien.wav | Space Science Fiction,Serafine Sci Fi,0126.0,,0,0,
Ambience Flanged Industrial,Ambience Flanged Industrial,AMBSci_Ambience Flanged Industrial_SCI01-013,AmbienceFlangedIndustrialA.wav | Space Science Fiction,Serafine Sci Fi,0046.0,,0,0,
Ambience Flanged Industrial,Ambience Flanged Industrial,AMBSci_Ambience Flanged Industrial_SCI01-014,AmbienceFlangedIndustrialB.wav | Space Science Fiction,Serafine Sci Fi,0131.0,,0,0,
Ambience Mystery Low,Ambience Mystery Low,DSGNDron_Ambience Mystery Low_SCI01-015,AmbienceMysteryLow.wav | Space Science Fiction,Serafine Sci Fi,0047.0,,0,0,
Ambience Synthetic,Ambience Synthetic,WINDDsgn_Ambience Synthetic_SCI01-016,AmbienceSynthetic.wav | Space Science Fiction,Serafine Sci Fi,0042.0,,0,0,
Anti-Matter Whooshes: 6 Instances,Anti-Matter Whooshes: 6 Instances,DSGNWhsh_Antimatter Whoosh_SCI01-017,AntimatterWhoosh.wav | Space Science Fiction,Serafine Sci Fi,0027.0,,0,0,
Appliance,Appliance,MACHAppl_Appliance_SCI01-018,ApplianceA.wav | Space Science Fiction,Serafine Sci Fi,0047.0,,0,0,
Appliance,Appliance,MACHAppl_Appliance_SCI01-019,ApplianceB.wav | Space Science Fiction,Serafine Sci Fi,0058.0,,0,0,
Arc Welder,Arc Welder,ELECArc_Arc Welder_SCI01-020,ArcWelder.wav | Space Science Fiction,Serafine Sci Fi,0232.0,,0,0,
Arc Welder,Arc Welder,ELECArc_Arc Welder_SCI01-021,ArcWelderA.wav | Space Science Fiction,Serafine Sci Fi,0028.0,,0,0,
Arc Welder,Arc Welder,ELECArc_Arc Welder_SCI01-022,ArcWelderB.wav | Space Science Fiction,Serafine Sci Fi,0009.0,,0,0,
Arc Welder,Arc Welder,ELECArc_Arc Welder_SCI01-023,ArcWelderC.wav | Space Science Fiction,Serafine Sci Fi,0028.0,,0,0,
Arc Welder,Arc Welder,ELECArc_Arc Welder_SCI01-024,ArcWelderD.wav | Space Science Fiction,Serafine Sci Fi,0014.0,,0,0,
Arc Welder Long,Arc Welder Long,ELECArc_Arc Welder Long_SCI01-025,ArcWelderLong.wav | Space Science Fiction,Serafine Sci Fi,0031.0,,0,0,
Arc Welder Short Blasts,Arc Welder Short Blasts,ELECArc_Arc Welder Short Blasts_SCI01-026,ArcWelderShortBlastsA.wav | Space Science Fiction,Serafine Sci Fi,0010.0,,0,0,
Arc Welder Short Blasts,Arc Welder Short Blasts,ELECArc_Arc Welder Short Blasts_SCI01-027,ArcWelderShortBlastsB.wav | Space Science Fiction,Serafine Sci Fi,0022.0,,0,0,
Arcade - Arcade Sounds Various,Arcade - Arcade Sounds Various,GAMEArcd_Tone Arcade Swirl_SCI01-309,ToneArcadeSwirl.wav | Space Science Fiction,Serafine Sci Fi,0013.0,,0,0,
Arcade Beeps & Explosions: 3 Different Arcade Sounds,Arcade Beeps & Explosions: 3 Different Arcade Sounds,MACHAmus_Tone Arcade Beeps Expl_SCI01-306,ToneArcadeBeepsExpl.wav | Space Science Fiction,Serafine Sci Fi,0118.0,,0,0,
Argon Laser Blasts: 3 Instances,Argon Laser Blasts: 3 Instances,LASRGun_Argon Laser Blast_SCI01-028,ArgonLaserBlast.wav | Space Science Fiction,Serafine Sci Fi,0017.0,,0,0,
Argon Laser Bursts: 4 Instances,Argon Laser Bursts: 4 Instances,LASRGun_Argon Laser Burst_SCI01-029,ArgonLaserBurst.wav | Space Science Fiction,Serafine Sci Fi,0021.0,,0,0,
Beep - Beeps Computer,Beep - Beeps Computer,UIBeep_Tone Beep Ringing Pulse High_SCI01-356,ToneBeepRingingPulseHigh.wav | Space Science Fiction,Serafine Sci Fi,0005.0,,0,0,
Beep - Beeps High/Clean,Beep - Beeps High/Clean,SCIAlrm_Tone Beeps High Accelerate Long_SCI01-383,ToneBeepsHighAccelerateLong.wav | Space Science Fiction,Serafine Sci Fi,0235.0,,0,0,
Beep - Beeps Portamento,Beep - Beeps Portamento,BEEP_Tone Beeps Double_SCI01-359,ToneBeepsDouble.wav | Space Science Fiction,Serafine Sci Fi,0004.0,,0,0,
Beep - Beeps Radar,Beep - Beeps Radar,UIBeep_Tone Beep Radar Static Multiple_SCI01-338,ToneBeepRadarStaticMultiple.wav | Space Science Fiction,Serafine Sci Fi,0014.0,,0,0,
Beep - Beeps Reverse Resonant: Var. Speed Pitch And Intensity,Beep - Beeps Reverse Resonant: Var. Speed Pitch And Intensity,UIBeep_Tone Beep Reverse Low_SCI01-350,ToneBeepReverseLowE.wav | Space Science Fiction,Serafine Sci Fi,0004.0,,0,0,
Beep - Beeps Squeeky,Beep - Beeps Squeeky,UIBeep_Tone Beep Static Sequence_SCI01-389,ToneBeepStaticSequence.wav | Space Science Fiction,Serafine Sci Fi,0008.0,,0,0,
Beep - Beeps Techno-Squeeky,Beep - Beeps Techno-Squeeky,UIBeep_Tone Beep Static Fall Long_SCI01-388,ToneBeepStaticFallLong.wav | Space Science Fiction,Serafine Sci Fi,0004.0,,0,0,
Beep - Beeps Techno-Trippy,Beep - Beeps Techno-Trippy,UIBeep_Tone Beeps Ripple Panning_SCI01-384,ToneBeepsRipplePanning.wav | Space Science Fiction,Serafine Sci Fi,0010.0,,0,0,
Beep - Beeps Various : Mult. Beeps Var. Speed & Pitch,Beep - Beeps Various : Mult. Beeps Var. Speed & Pitch,BEEP_Tone Beep Variation_SCI01-392,ToneBeepVariation.wav | Space Science Fiction,Serafine Sci Fi,0004.0,,0,0,
Beep - Beeps Various : Mult. Beeps Var. Speed & Pitch,Beep - Beeps Various : Mult. Beeps Var. Speed & Pitch,SCIAlrm_Tone Beep Pulse High Fast_SCI01-332,ToneBeepPulseHighFastB.wav | Space Science Fiction,Serafine Sci Fi,0005.0,,0,0,
Beep - Beep-Sequence 1,Beep - Beep-Sequence 1,UIBeep_Tone Beep Bouncing Sequence_SCI01-311,ToneBeepBouncingSequence.wav | Space Science Fiction,Serafine Sci Fi,0007.0,,0,0,
Beep - Beep-Sequence 2,Beep - Beep-Sequence 2,UIBeep_Tone Beep Ripple Sequence_SCI01-357,ToneBeepRippleSequence.wav | Space Science Fiction,Serafine Sci Fi,0018.0,,0,0,
Beep - Beep-Sequence Agitated,Beep - Beep-Sequence Agitated,UIBeep_Tone Beep Ripple Sequence Long_SCI01-358,ToneBeepRippleSequenceLong.wav | Space Science Fiction,Serafine Sci Fi,0044.0,,0,0,
Bent Light,Bent Light,SCIEnrg_Bent Light_SCI01-030,BentLight.wav | Space Science Fiction,Serafine Sci Fi,0056.0,,0,0,
Bomb Atomic,Bomb Atomic,EXPLDsgn_Destruction Bomb Atomic_SCI01-054,DestructionBombAtomic.wav | Space Science Fiction,Serafine Sci Fi,0024.0,,0,0,
Bombs: 7 Different Explosions,Bombs: 7 Different Explosions,EXPLReal_Destruction Bombs Different_SCI01-055,DestructionBombs7Different.wav | Space Science Fiction,Serafine Sci Fi,0035.0,,0,0,
Booster,Booster,COMStatic_Booster_SCI01-031,Booster.wav | Space Science Fiction,Serafine Sci Fi,0013.0,,0,0,
Breath Effects Scary: Alt. Lengths And Intensity,Breath Effects Scary: Alt. Lengths And Intensity,HMNBrth_Creature Breath Effects_SCI01-045,CreatureBreathEffects.wav | Space Science Fiction,Serafine Sci Fi,0130.0,,0,0,
Car Screech Smash,Car Screech Smash,DESTRCrsh_Car Screech Smash_SCI01-033,CarScreechSmash.wav | Space Science Fiction,Serafine Sci Fi,0047.0,,0,0,
Cargo Doors Reverb 4 Instances,Cargo Doors Reverb 4 Instances,DOORMetl_Cargo Doors Reverb Instances_SCI01-032,CargoDoorsReverb4Instances.wav | Space Science Fiction,Serafine Sci Fi,0032.0,,0,0,
Clanks,Clanks,SCIMach_Clanks_SCI01-034,ClanksA.wav | Space Science Fiction,Serafine Sci Fi,0007.0,,0,0,
Clanks,Clanks,SCIMach_Clanks_SCI01-035,ClanksB.wav | Space Science Fiction,Serafine Sci Fi,0007.0,,0,0,
Clanks,Clanks,SCIMach_Clanks_SCI01-036,ClanksC.wav | Space Science Fiction,Serafine Sci Fi,0007.0,,0,0,
Clanks,Clanks,SCIMach_Clanks_SCI01-037,ClanksD.wav | Space Science Fiction,Serafine Sci Fi,0021.0,,0,0,
Clanks,Clanks,UIGlitch_Communications Digital_SCI01-039,CommunicationsDigitalA.wav | Space Science Fiction,Serafine Sci Fi,0014.0,,0,0,
Communication Digital Stutter,Communication Digital Stutter,ROBTVox_Communication Digital Stutter_SCI01-038,CommunicationDigitalStutter.wav | Space Science Fiction,Serafine Sci Fi,0023.0,,0,0,
Communications Digital,Communications Digital,SCICmpt_Communications Digital_SCI01-040,CommunicationsDigitalB.wav | Space Science Fiction,Serafine Sci Fi,0056.0,,0,0,
Communications Digital,Communications Digital,SCICmpt_Communications Digital_SCI01-041,CommunicationsDigitalC.wav | Space Science Fiction,Serafine Sci Fi,0045.0,,0,0,
Cosmic Freeze Ray,Cosmic Freeze Ray,DSGNDron_Cosmic Freeze Ray_SCI01-042,CosmicFreezeRay.wav | Space Science Fiction,Serafine Sci Fi,0124.0,,0,0,
Cosmic Storm,Cosmic Storm,DSGNDron_Cosmic Storm_SCI01-043,CosmicStorm.wav | Space Science Fiction,Serafine Sci Fi,0052.0,,0,0,
Cryotube Activation,Cryotube Activation,SCIEnrg_Cryotube Activat_SCI01-052,CryotubeActivat.wav | Space Science Fiction,Serafine Sci Fi,0006.0,,0,0,
Cycle Engine Low,Cycle Engine Low,SCIVeh_Light Cycle Engine Low_SCI01-206,LightCycleEngineLowA.wav | Space Science Fiction,Serafine Sci Fi,0051.0,,0,0,
Cycle Engine Low,Cycle Engine Low,SCIVeh_Light Cycle Engine Low_SCI01-207,LightCycleEngineLowB.wav | Space Science Fiction,Serafine Sci Fi,0040.0,,0,0,
Cycle Engines,Cycle Engines,SCIVeh_Light Cycle Engines_SCI01-208,LightCycleEngines.wav | Space Science Fiction,Serafine Sci Fi,0422.0,,0,0,
Cycle Engines High,Cycle Engines High,SCIVeh_Light Cycle Engines High_SCI01-209,LightCycleEnginesHigh.wav | Space Science Fiction,Serafine Sci Fi,0118.0,,0,0,
Cycles Multi Rev,Cycles Multi Rev,SCIVeh_Light Cycles Multi Rev_SCI01-210,LightCyclesMultiRevA.wav | Space Science Fiction,Serafine Sci Fi,0026.0,,0,0,
Cycles Multi Rev,Cycles Multi Rev,SCIVeh_Light Cycles Multi Rev_SCI01-211,LightCyclesMultiRevB.wav | Space Science Fiction,Serafine Sci Fi,0045.0,,0,0,
Debris Smashed Various 1,Debris Smashed Various 1,DESTRCrsh_Destruction Debris Smashed_SCI01-057,DestructionDebrisSmashedA.wav | Space Science Fiction,Serafine Sci Fi,0015.0,,0,0,
Debris Smashed Various 2,Debris Smashed Various 2,DESTRCrsh_Destruction Debris Smashed_SCI01-058,DestructionDebrisSmashedB.wav | Space Science Fiction,Serafine Sci Fi,0029.0,,0,0,
Deep Space Pings,Deep Space Pings,SCIMach_Deep Space Pings_SCI01-053,DeepSpacePings.wav | Space Science Fiction,Serafine Sci Fi,0039.0,,0,0,
Dimensional Leapfroggers: 4 Instances,Dimensional Leapfroggers: 4 Instances,SCIEnrg_Dimensional Leap_SCI01-112,DimensionalLeap.wav | Space Science Fiction,Serafine Sci Fi,0024.0,,0,0,
Driveby,Driveby,SCIVeh_Driveby_SCI01-113,Driveby.wav | Space Science Fiction,Serafine Sci Fi,0006.0,,0,0,
Electricity,Electricity,ELECArc_Electricity_SCI01-114,ElectricityA.wav | Space Science Fiction,Serafine Sci Fi,0009.0,,0,0,
Electricity,Electricity,ELECArc_Electricity_SCI01-115,ElectricityB.wav | Space Science Fiction,Serafine Sci Fi,0007.0,,0,0,
Electricity,Electricity,ELECSprk_Electricity_SCI01-116,ElectricityC.wav | Space Science Fiction,Serafine Sci Fi,0035.0,,0,0,
Electromagnetic Blasts,Electromagnetic Blasts,SCIWeap_Electromagnet_SCI01-117,ElectromagnetA.wav | Space Science Fiction,Serafine Sci Fi,0005.0,,0,0,
Electromagnetic Blasts 2,Electromagnetic Blasts 2,SCIWeap_Electromagnet_SCI01-118,ElectromagnetB.wav | Space Science Fiction,Serafine Sci Fi,0005.0,,0,0,
Electromagnetic Blasts 3,Electromagnetic Blasts 3,SCIWeap_Electromagnet_SCI01-119,ElectromagnetC.wav | Space Science Fiction,Serafine Sci Fi,0004.0,,0,0,
Electromagnetic Blasts 4,Electromagnetic Blasts 4,SCIWeap_Electromagnet_SCI01-120,ElectromagnetD.wav | Space Science Fiction,Serafine Sci Fi,0007.0,,0,0,
Electromagnetic Collisions,Electromagnetic Collisions,SCIMach_Electromagnetic Collisions_SCI01-121,ElectromagneticCollisions.wav | Space Science Fiction,Serafine Sci Fi,0247.0,,0,0,
Electronic,Electronic,SCIEnrg_Electronic_SCI01-122,Electronic.wav | Space Science Fiction,Serafine Sci Fi,0006.0,,0,0,
Electroshots 1,Electroshots 1,SCIEnrg_Electroshots_SCI01-123,ElectroshotsA.wav | Space Science Fiction,Serafine Sci Fi,0009.0,,0,0,
Electroshots 2,Electroshots 2,SCIEnrg_Electroshots_SCI01-124,ElectroshotsB.wav | Space Science Fiction,Serafine Sci Fi,0015.0,,0,0,
Electroshots 3,Electroshots 3,SCIEnrg_Electroshots_SCI01-125,ElectroshotsC.wav | Space Science Fiction,Serafine Sci Fi,0007.0,,0,0,
Engine,Engine,MOTRElec_Engine_SCI01-126,Engine.wav | Space Science Fiction,Serafine Sci Fi,0010.0,,0,0,
Engine Futuristic,Engine Futuristic,SCIMach_Engine Futuristic_SCI01-127,EngineFuturisticA.wav | Space Science Fiction,Serafine Sci Fi,0137.0,,0,0,
Engine Futuristic,Engine Futuristic,SCIMach_Engine Futuristic_SCI01-128,EngineFuturisticB.wav | Space Science Fiction,Serafine Sci Fi,0034.0,,0,0,
Engine Futuristic,Engine Futuristic,SCIMach_Engine Futuristic_SCI01-129,EngineFuturisticC.wav | Space Science Fiction,Serafine Sci Fi,0010.0,,0,0,
Engine Futuristic,Engine Futuristic,SCIMach_Engine Futuristic_SCI01-130,EngineFuturisticD.wav | Space Science Fiction,Serafine Sci Fi,0024.0,,0,0,
Engine Futuristic,Engine Futuristic,SCIMach_Engine Futuristic_SCI01-131,EngineFuturisticE.wav | Space Science Fiction,Serafine Sci Fi,0024.0,,0,0,
Engine Futuristic,Engine Futuristic,SCIMach_Engine Futuristic_SCI01-132,EngineFuturisticF.wav | Space Science Fiction,Serafine Sci Fi,0004.0,,0,0,
Engine Futuristic,Engine Futuristic,SCIMach_Engine Futuristic_SCI01-133,EngineFuturisticG.wav | Space Science Fiction,Serafine Sci Fi,0110.0,,0,0,
Engine Futuristic,Engine Futuristic,SCIMach_Engine Futuristic_SCI01-134,EngineFuturisticH.wav | Space Science Fiction,Serafine Sci Fi,0039.0,,0,0,
Engine Idle,Engine Idle,SCIMach_Engine Idle_SCI01-135,EngineIdle.wav | Space Science Fiction,Serafine Sci Fi,0037.0,,0,0,
Explosion Small,Explosion Small,EXPLDsgn_Destruction Explosion Small_SCI01-065,DestructionExplosionSmall.wav | Space Science Fiction,Serafine Sci Fi,0007.0,,0,0,
Explosions 1: Mult. Explosions,Explosions 1: Mult. Explosions,EXPLReal_Destruction Explosions_SCI01-059,DestructionExplosionsA.wav | Space Science Fiction,Serafine Sci Fi,0057.0,,0,0,
Explosions 2: 4 Different Explosions,Explosions 2: 4 Different Explosions,EXPLReal_Destruction Explosions_SCI01-060,DestructionExplosionsB.wav | Space Science Fiction,Serafine Sci Fi,0017.0,,0,0,
Explosions 3: 9 Explosions Distant Perspective,Explosions 3: 9 Explosions Distant Perspective,EXPLReal_Destruction Explosions_SCI01-061,DestructionExplosionsC.wav | Space Science Fiction,Serafine Sci Fi,0049.0,,0,0,
Explosions 4: 12 Different Explosions,Explosions 4: 12 Different Explosions,EXPLReal_Destruction Explosions_SCI01-062,DestructionExplosionsD.wav | Space Science Fiction,Serafine Sci Fi,0047.0,,0,0,
Explosions 5: 4 Different Explosions,Explosions 5: 4 Different Explosions,EXPLReal_Destruction Explosions_SCI01-063,DestructionExplosionsE.wav | Space Science Fiction,Serafine Sci Fi,0035.0,,0,0,
Explosions 6: 4 Explosions Close Perspective,Explosions 6: 4 Explosions Close Perspective,EXPLReal_Destruction Explosions_SCI01-064,DestructionExplosionsF.wav | Space Science Fiction,Serafine Sci Fi,0046.0,,0,0,
Factory Interior,Factory Interior,AMBSci_Factory Interior_SCI01-136,FactoryInteriorA.wav | Space Science Fiction,Serafine Sci Fi,0026.0,,0,0,
Factory Interior,Factory Interior,AMBSci_Factory Interior_SCI01-137,FactoryInteriorB.wav | Space Science Fiction,Serafine Sci Fi,0032.0,,0,0,
Factory Interior,Factory Interior,AMBInd_Factory Interior Reverb_SCI01-138,FactoryInteriorReverb.wav | Space Science Fiction,Serafine Sci Fi,0158.0,,0,0,
Forbidden Planet,Forbidden Planet,SCIEnrg_Forbidden Planet_SCI01-139,ForbiddenPlanet.wav | Space Science Fiction,Serafine Sci Fi,0135.0,,0,0,
Force Field,Force Field,SCIEnrg_Force Field_SCI01-140,ForceField.wav | Space Science Fiction,Serafine Sci Fi,0039.0,,0,0,
Force Field Sweeps,Force Field Sweeps,SCIEnrg_Force Field Sweeps_SCI01-141,ForceFieldSweeps.wav | Space Science Fiction,Serafine Sci Fi,0049.0,,0,0,
Generator,Generator,SCIMach_Generator_SCI01-142,Generator.wav | Space Science Fiction,Serafine Sci Fi,0018.0,,0,0,
Ghost Appears,Ghost Appears,DSGNEthr_Creature Ghost Appears_SCI01-046,CreatureGhostAppears.wav | Space Science Fiction,Serafine Sci Fi,0021.0,,0,0,
Ghost Haunting,Ghost Haunting,DSGNEthr_Creature Ghost Haunting_SCI01-047,CreatureGhostHaunting.wav | Space Science Fiction,Serafine Sci Fi,0043.0,,0,0,
Glass Breaking,Glass Breaking,GLASCrsh_Destruction Glass Breaking_SCI01-066,DestructionGlassBreaking.wav | Space Science Fiction,Serafine Sci Fi,0148.0,,0,0,
Glass Breaks 1,Glass Breaks 1,GLASCrsh_Destruction Glass Breaks_SCI01-068,DestructionGlassBreaksA.wav | Space Science Fiction,Serafine Sci Fi,0016.0,,0,0,
Glass Breaks 2,Glass Breaks 2,GLASCrsh_Destruction Glass Breaks_SCI01-069,DestructionGlassBreaksB.wav | Space Science Fiction,Serafine Sci Fi,0007.0,,0,0,
Glass Breaks 3,Glass Breaks 3,GLASCrsh_Destruction Glass Breaks_SCI01-070,DestructionGlassBreaksC.wav | Space Science Fiction,Serafine Sci Fi,0010.0,,0,0,
Glass Breaks 4,Glass Breaks 4,GLASCrsh_Destruction Glass Breaks_SCI01-071,DestructionGlassBreaksD.wav | Space Science Fiction,Serafine Sci Fi,0008.0,,0,0,
Glass Breaks Smaller,Glass Breaks Smaller,GLASBrk_Destruction Glass Breaks Small_SCI01-072,DestructionGlassBreaksSmall.wav | Space Science Fiction,Serafine Sci Fi,0024.0,,0,0,
Glassbreaking Caterpillar,Glass Breaking Caterpillar,GLASCrsh_Destruction Glassbreaking Ca_SCI01-067,DestructionGlassbreakingCa.wav | Space Science Fiction,Serafine Sci Fi,0041.0,,0,0,
Glassbreaks Various Sizes,Glass Breaks Various Sizes,GLASCrsh_Destruction Glassbreaks Vari_SCI01-073,DestructionGlassbreaksVari.wav | Space Science Fiction,Serafine Sci Fi,0106.0,,0,0,
Growling Hiss,Growling Hiss,CREASrce_Destruction Growling Hiss_SCI01-074,DestructionGrowlingHiss.wav | Space Science Fiction,Serafine Sci Fi,0009.0,,0,0,
Hall Of Metal Shards,Hall Of Metal Shards,METLFric_Hall Of Metal Shards_SCI01-143,HallOfMetalShards.wav | Space Science Fiction,Serafine Sci Fi,0030.0,,0,0,
Harmonized Energy Field,Harmonized Energy Field,SCIEnrg_Harmonized Energy Field_SCI01-144,HarmonizedEnergyField.wav | Space Science Fiction,Serafine Sci Fi,0020.0,,0,0,
Heavy Blaster Bursts: 4 Instances,Heavy Blaster Bursts: 4 Instances,LASRGun_Heavy Blaster_SCI01-145,HeavyBlaster.wav | Space Science Fiction,Serafine Sci Fi,0017.0,,0,0,
Helicopter,Helicopter,AEROHeli_Helicopter_SCI01-146,HelicopterA.wav | Space Science Fiction,Serafine Sci Fi,0100.0,,0,0,
Helicopter,Helicopter,AEROHeli_Helicopter_SCI01-147,HelicopterB.wav | Space Science Fiction,Serafine Sci Fi,0055.0,,0,0,
Helicopter Door Synth,Helicopter Door Synth,AEROHeli_Helicopter Door Synth_SCI01-148,HelicopterDoorSynth.wav | Space Science Fiction,Serafine Sci Fi,0012.0,,0,0,
Horn,Horn,ALRMBuzr_Horn_SCI01-149,HornA.wav | Space Science Fiction,Serafine Sci Fi,0023.0,,0,0,
Horn,Horn,ALRMSirn_Horn_SCI01-151,HornB.wav | Space Science Fiction,Serafine Sci Fi,0032.0,,0,0,
Horn,Horn,ALRMBuzr_Horn_SCI01-152,HornC.wav | Space Science Fiction,Serafine Sci Fi,0028.0,,0,0,
Horn And Machine,Horn And Machine,SCIMach_Horn And Machine_SCI01-150,HornAndMachine.wav | Space Science Fiction,Serafine Sci Fi,0015.0,,0,0,
Horn Long Blast,Horn Long Blast,ALRMBuzr_Horn Long Blast_SCI01-153,HornLongBlast.wav | Space Science Fiction,Serafine Sci Fi,0016.0,,0,0,
Incoming: 4 Instances,Incoming: 4 Instances,SCIEnrg_Incoming Instan_SCI01-154,Incoming4Instan.wav | Space Science Fiction,Serafine Sci Fi,0036.0,,0,0,
Industrial Airblasts,Industrial Air Blasts,AIRBrst_Industrial Airblasts_SCI01-155,IndustrialAirblasts.wav | Space Science Fiction,Serafine Sci Fi,0054.0,,0,0,
Industrial Airpressure Release,Industrial Air Pressure Release,AIRBrst_Industrial Airpressure Release_SCI01-156,IndustrialAirpressureRelease.wav | Space Science Fiction,Serafine Sci Fi,0034.0,,0,0,
Jet,Jet,AEROJet_Jet_SCI01-157,JetA.wav | Space Science Fiction,Serafine Sci Fi,0056.0,,0,0,
Jet,Jet,AEROJet_Jet_SCI01-158,JetB.wav | Space Science Fiction,Serafine Sci Fi,0106.0,,0,0,
Jet,Jet,AEROJet_Jet_SCI01-159,JetC.wav | Space Science Fiction,Serafine Sci Fi,0016.0,,0,0,
Jet Engines,Jet Engines,AEROJet_Jet Engines_SCI01-160,JetEngines.wav | Space Science Fiction,Serafine Sci Fi,0042.0,,0,0,
Jet Fly By Long,Jet Fly By Long,AEROJet_Jet Fly By Long_SCI01-161,JetFlyByLong.wav | Space Science Fiction,Serafine Sci Fi,0025.0,,0,0,
Jet Fly By Thunderous,Jet Fly By Thunderous,AEROJet_Jet Fly By Thunderous_SCI01-164,JetFlyByThunderousA.wav | Space Science Fiction,Serafine Sci Fi,0020.0,,0,0,
Jet Fly By Thunderous,Jet Fly By Thunderous,AEROJet_Jet Fly By Thunderous_SCI01-165,JetFlyByThunderousB.wav | Space Science Fiction,Serafine Sci Fi,0021.0,,0,0,
Jet Fly By Various,Jet Fly By Various,AEROJet_Jet Fly By Various_SCI01-166,JetFlyByVariousA.wav | Space Science Fiction,Serafine Sci Fi,0408.0,,0,0,
Jet Fly By Various,Jet Fly By Various,AEROJet_Jet Fly By Various_SCI01-167,JetFlyByVariousB.wav | Space Science Fiction,Serafine Sci Fi,0530.0,,0,0,
Jet Fly Bys,Jet Fly Bys,AEROJet_Jet Fly Bys_SCI01-162,JetFlyBysA.wav | Space Science Fiction,Serafine Sci Fi,0130.0,,0,0,
Jet Fly Bys,Jet Fly Bys,AEROJet_Jet Fly Bys_SCI01-163,JetFlyBysB.wav | Space Science Fiction,Serafine Sci Fi,0152.0,,0,0,
Jet Synthetic,Jet Synthetic,AEROJet_Jet Synthetic_SCI01-168,JetSynthetic.wav | Space Science Fiction,Serafine Sci Fi,0601.0,,0,0,
Jet Wash Filter,Jet Wash Filter,AEROJet_Jet Wash Filter_SCI01-169,JetWashFilterA.wav | Space Science Fiction,Serafine Sci Fi,0044.0,,0,0,
Jet Wash Filter,Jet Wash Filter,AEROJet_Jet Wash Filter_SCI01-170,JetWashFilterB.wav | Space Science Fiction,Serafine Sci Fi,0045.0,,0,0,
Jet Wash Filter,Jet Wash Filter,AEROJet_Jet Wash Filter_SCI01-171,JetWashFilterC.wav | Space Science Fiction,Serafine Sci Fi,0204.0,,0,0,
Laser And Similar Shots,Laser And Similar Shots,LASRGun_Laser And Similar_SCI01-172,LaserAndSimilar.wav | Space Science Fiction,Serafine Sci Fi,0011.0,,0,0,
Laser Blasts Arcade 1,Laser Blasts Arcade 1,LASRGun_Laser Blasts Arcade_SCI01-175,LaserBlastsArcadeC.wav | Space Science Fiction,Serafine Sci Fi,0006.0,,0,0,
Laser Blasts Arcade 2,Laser Blasts Arcade 2,LASRGun_Laser Blasts Arcade_SCI01-173,LaserBlastsArcadeA.wav | Space Science Fiction,Serafine Sci Fi,0009.0,,0,0,
Laser Blasts Arcade 3,Laser Blasts Arcade 3,LASRGun_Laser Blasts Arcade_SCI01-174,LaserBlastsArcadeB.wav | Space Science Fiction,Serafine Sci Fi,0004.0,,0,0,
Laser Blasts Buzzy,Laser Blasts Buzzy,LASRGun_Laser Blasts Buzzy_SCI01-176,LaserBlastsBuzzy.wav | Space Science Fiction,Serafine Sci Fi,0012.0,,0,0,
Laser Blasts Fractured,Laser Blasts Fractured,LASRGun_Laser Blasts Fractured_SCI01-177,LaserBlastsFractured.wav | Space Science Fiction,Serafine Sci Fi,0035.0,,0,0,
Laser Blasts Heavy,Laser Blasts Heavy,LASRGun_Laser Blasts Heavy_SCI01-178,LaserBlastsHeavy.wav | Space Science Fiction,Serafine Sci Fi,0013.0,,0,0,
Laser Blasts Long 1,Laser Blasts Long 1,LASRGun_Laser Blasts Long_SCI01-179,LaserBlastsLongA.wav | Space Science Fiction,Serafine Sci Fi,0014.0,,0,0,
Laser Blasts Long 2,Laser Blasts Long 2,LASRGun_Laser Blasts Long_SCI01-180,LaserBlastsLongB.wav | Space Science Fiction,Serafine Sci Fi,0013.0,,0,0,
Laser Blasts Plasma: 4 Instances,Laser Blasts Plasma: 4 Instances,LASRGun_Laser Blasts Plasma_SCI01-181,LaserBlastsPlasma.wav | Space Science Fiction,Serafine Sci Fi,0020.0,,0,0,
Laser Blasts Short : Alt. Pitch & Intensity,Laser Blasts Short : Alt. Pitch & Intensity,LASRGun_Laser Blasts Short_SCI01-182,LaserBlastsShort.wav | Space Science Fiction,Serafine Sci Fi,0041.0,,0,0,
Laser Blasts Various 1: Alt. Intensity,Laser Blasts Various 1: Alt. Intensity,LASRGun_Laser Blasts Vari_SCI01-183,LaserBlastsVari.wav | Space Science Fiction,Serafine Sci Fi,0046.0,,0,0,
Laser Blasts With Reverb: Alt. Length & Intensity,Laser Blasts With Reverb: Alt. Length & Intensity,LASRGun_Laser Blasts With Reverb_SCI01-184,LaserBlastsWithReverb.wav | Space Science Fiction,Serafine Sci Fi,0038.0,,0,0,
Laser Bursts Plasma: 3 Instances,Laser Bursts Plasma: 3 Instances,LASRGun_Laser Bursts Plasma_SCI01-186,LaserBurstsPlasma.wav | Space Science Fiction,Serafine Sci Fi,0015.0,,0,0,
Laser Bursts Short: 8 Instances,Laser Bursts Short: 8 Instances,LASRGun_Laser Bursts Short_SCI01-187,LaserBurstsShort.wav | Space Science Fiction,Serafine Sci Fi,0029.0,,0,0,
Laser Bursts: 8 Instances,Laser Bursts: 8 Instances,LASRGun_Laser Bursts Instances_SCI01-185,LaserBursts8Instances.wav | Space Science Fiction,Serafine Sci Fi,0039.0,,0,0,
Laser Fire Heavy,Laser Fire Heavy,LASRGun_Laser Fire Heavy_SCI01-189,LaserFireHeavy.wav | Space Science Fiction,Serafine Sci Fi,0026.0,,0,0,
Laser Fast,Laser Fast,LASRGun_Laser Fast_SCI01-188,LaserFast.wav | Space Science Fiction,Serafine Sci Fi,0017.0,,0,0,
Laser Large Artillery: 8 Instances,Laser Large Artillery: 8 Instances,LASRGun_Laser Large Artil_SCI01-190,LaserLargeArtil.wav | Space Science Fiction,Serafine Sci Fi,0044.0,,0,0,
Laser Med-Fast,Laser Med-Fast,LASRGun_Laser Medfast_SCI01-191,LaserMedfast.wav | Space Science Fiction,Serafine Sci Fi,0010.0,,0,0,
Laser Scanner,Laser Scanner,LASRMisc_Laser Scanner_SCI01-200,LaserScanner.wav | Space Science Fiction,Serafine Sci Fi,0401.0,,0,0,
Laser Single Blast - Long,Laser Single Blast - Long,LASRGun_Laser Single Blast_SCI01-201,LaserSingleBlast.wav | Space Science Fiction,Serafine Sci Fi,0006.0,,0,0,
Laser With Explosion,Laser With Explosion,LASRGun_Laser With Explosion_SCI01-204,LaserWithExplosion.wav | Space Science Fiction,Serafine Sci Fi,0006.0,,0,0,
Laser With Explosions,Laser With Explosions,LASRGun_Laser With Explosions_SCI01-205,LaserWithExplosions.wav | Space Science Fiction,Serafine Sci Fi,0013.0,,0,0,
Lasers Arcade 1,Lasers Arcade 1,LASRGun_Lasers Arcade_SCI01-192,LasersArcadeA.wav | Space Science Fiction,Serafine Sci Fi,0007.0,,0,0,
Lasers Arcade 2,Lasers Arcade 2,LASRGun_Lasers Arcade_SCI01-193,LasersArcadeB.wav | Space Science Fiction,Serafine Sci Fi,0006.0,,0,0,
Lasers Arcade 3,Lasers Arcade 3,LASRGun_Lasers Arcade_SCI01-194,LasersArcadeC.wav | Space Science Fiction,Serafine Sci Fi,0007.0,,0,0,
Lasers Arcade 4,Lasers Arcade 4,LASRGun_Lasers Arcade_SCI01-195,LasersArcadeD.wav | Space Science Fiction,Serafine Sci Fi,0010.0,,0,0,
Lasers Arcade 5,Lasers Arcade 5,LASRGun_Lasers Arcade_SCI01-196,LasersArcadeE.wav | Space Science Fiction,Serafine Sci Fi,0007.0,,0,0,
Lasers Arcade 6,Lasers Arcade 6,LASRGun_Lasers Arcade_SCI01-197,LasersArcadeF.wav | Space Science Fiction,Serafine Sci Fi,0008.0,,0,0,
Lasers Arcade 7,Lasers Arcade 7,LASRGun_Lasers Arcade_SCI01-198,LasersArcadeG.wav | Space Science Fiction,Serafine Sci Fi,0007.0,,0,0,
Lasers Arcade 8,Lasers Arcade 8,LASRGun_Lasers Arcade_SCI01-199,LasersArcadeH.wav | Space Science Fiction,Serafine Sci Fi,0012.0,,0,0,
Lasers Long,Lasers Long,LASRGun_Lasers Long_SCI01-202,LasersLong.wav | Space Science Fiction,Serafine Sci Fi,0014.0,,0,0,
Lasers Multiple,Lasers Multiple,LASRGun_Lasers Multiple_SCI01-203,LasersMultiple.wav | Space Science Fiction,Serafine Sci Fi,0009.0,,0,0,
Low End,Low End,SCIMach_Destruction Low End_SCI01-075,DestructionLowEnd.wav | Space Science Fiction,Serafine Sci Fi,0022.0,,0,0,
Machine,Machine,SCIMach_Machine Buzzer_SCI01-212,Machine_Buzzer.wav | Space Science Fiction,Serafine Sci Fi,0101.0,,0,0,
Machine,Machine,SCIMach_Machine_SCI01-213,MachineA.wav | Space Science Fiction,Serafine Sci Fi,0031.0,,0,0,
Machine,Machine,SCIMach_Machine_SCI01-214,MachineB.wav | Space Science Fiction,Serafine Sci Fi,0035.0,,0,0,
Machine,Machine,SCIMach_Machine_SCI01-215,MachineC.wav | Space Science Fiction,Serafine Sci Fi,0052.0,,0,0,
Machine,Machine,SCIMach_Machine_SCI01-216,MachineD.wav | Space Science Fiction,Serafine Sci Fi,0046.0,,0,0,
Machine Room Interior,Machine Room Interior,SCIMach_Machine Room Interior_SCI01-217,MachineRoomInterior.wav | Space Science Fiction,Serafine Sci Fi,0049.0,,0,0,
Massive Noise,Massive Noise,DESTRMisc_Destruction Massive Noise_SCI01-076,DestructionMassiveNoiseA.wav | Space Science Fiction,Serafine Sci Fi,0142.0,,0,0,
Massive Noise 2,Massive Noise 2,DESTRMisc_Destruction Massive Noise_SCI01-077,DestructionMassiveNoiseB.wav | Space Science Fiction,Serafine Sci Fi,0140.0,,0,0,
Mechanical Sounds,Mechanical Sounds,SCIMech_Mechanical Sounds_SCI01-218,MechanicalSounds.wav | Space Science Fiction,Serafine Sci Fi,0020.0,,0,0,
Metal Crashes: Mult. Banging Sounds,Metal Crashes: Mult. Banging Sounds,METLMvmt_Destruction Metal Crashes Mul_SCI01-078,DestructionMetalCrashesMul.wav | Space Science Fiction,Serafine Sci Fi,0030.0,,0,0,
Metal Crusher,Metal Crusher,MACHMisc_Destruction Metal Crusher_SCI01-079,DestructionMetalCrusher.wav | Space Science Fiction,Serafine Sci Fi,0022.0,,0,0,
Metal Dark,Metal Dark,METLFric_Metal Dark_SCI01-219,MetalDark.wav | Space Science Fiction,Serafine Sci Fi,0014.0,,0,0,
Metal Debris Various: Mult. Clanging Sounds,Metal Debris Various: Mult. Clanging Sounds,METLCrsh_Destruction Metal Debris Vari_SCI01-080,DestructionMetalDebrisVari.wav | Space Science Fiction,Serafine Sci Fi,0036.0,,0,0,
Metal Drum Banging Multi Instances,Metal Drum Banging Multi Instances,METLImpt_Metal Drum Banging Multi Instances_SCI01-220,MetalDrumBangingMultiInstancesA.wav | Space Science Fiction,Serafine Sci Fi,0022.0,,0,0,
Metal Drum Banging Multi Instances,Metal Drum Banging Multi Instances,METLImpt_Metal Drum Banging Multi Instances_SCI01-221,MetalDrumBangingMultiInstancesB.wav | Space Science Fiction,Serafine Sci Fi,0024.0,,0,0,
Metal Parts & Screws: Mult. Clanging Sounds,Metal Parts & Screws: Mult. Clanging Sounds,METLHndl_Destruction Metal Parts Screw_SCI01-083,DestructionMetalPartsScrew.wav | Space Science Fiction,Serafine Sci Fi,0020.0,,0,0,
Metal Yard,Metal Yard,METLMvmt_Metal Yard_SCI01-222,MetalYard.wav | Space Science Fiction,Serafine Sci Fi,0305.0,,0,0,
Metal Dropped/Thrown: Mult. Sounds,Metal Dropped/Thrown: Mult. Sounds,METLImpt_Destruction Metal Droppedthr_SCI01-081,DestructionMetalDroppedthr.wav | Space Science Fiction,Serafine Sci Fi,0030.0,,0,0,
Metal Dropping: Mult. Sounds,Metal Dropping: Mult. Sounds,METLMvmt_Destruction Metal Dropping Mu_SCI01-082,DestructionMetalDroppingMu.wav | Space Science Fiction,Serafine Sci Fi,0136.0,,0,0,
Mind Rumble: Var. Pitch And Intensity,Mind Rumble: Var. Pitch And Intensity,DSGNRmbl_Destruction Mind Rumble Var Pi_SCI01-084,DestructionMindRumbleVarPi.wav | Space Science Fiction,Serafine Sci Fi,0056.0,,0,0,
Modulator,Modulator,SCIMach_Modulator_SCI01-223,Modulator.wav | Space Science Fiction,Serafine Sci Fi,0100.0,,0,0,
Monorial Pass By,Monorail Pass By,VEHMoto_Motorcycle Pass By_SCI01-227,MotorcyclePassByB.wav | Space Science Fiction,Serafine Sci Fi,0013.0,,0,0,
Monorial Pass Bys,Monorail Pass Bys,SCIVeh_Monorial Pass Bys_SCI01-224,MonorialPassBys.wav | Space Science Fiction,Serafine Sci Fi,0105.0,,0,0,
Monorial Pass Bys,Monorail Pass Bys,VEHMoto_Motorcycle Pass By_SCI01-226,MotorcyclePassByA.wav | Space Science Fiction,Serafine Sci Fi,0008.0,,0,0,
Motor Belt Driven,Motor Belt Driven,SCIMach_Motor Belt Driven_SCI01-225,MotorBeltDriven.wav | Space Science Fiction,Serafine Sci Fi,0140.0,,0,0,
Motorcycle Pass By,Motorcycle Pass By,VEHMoto_Motorcycle Pass By_SCI01-228,MotorcyclePassByC.wav | Space Science Fiction,Serafine Sci Fi,0018.0,,0,0,
Motorcycle Pass By,Motorcycle Pass By,VEHMoto_Motorcycle Pass By_SCI01-229,MotorcyclePassByD.wav | Space Science Fiction,Serafine Sci Fi,0010.0,,0,0,
Motorcycle Pass By,Motorcycle Pass By,VEHMoto_Motorcycle Pass By_SCI01-230,MotorcyclePassByE.wav | Space Science Fiction,Serafine Sci Fi,0007.0,,0,0,
Motorcycle Pass By,Motorcycle Pass By,VEHMoto_Motorcycle Pass By_SCI01-231,MotorcyclePassByF.wav | Space Science Fiction,Serafine Sci Fi,0008.0,,0,0,
Motorcycle Pass By,Motorcycle Pass By,VEHMoto_Motorcycle Pass By_SCI01-232,MotorcyclePassByG.wav | Space Science Fiction,Serafine Sci Fi,0012.0,,0,0,
Motorcycle Pass By,Motorcycle Pass By,VEHMoto_Motorcycle Pass By_SCI01-233,MotorcyclePassByH.wav | Space Science Fiction,Serafine Sci Fi,0010.0,,0,0,
Motorcycle Pass By,Motorcycle Pass By,VEHMoto_Motorcycle Pass By_SCI01-234,MotorcyclePassByI.wav | Space Science Fiction,Serafine Sci Fi,0011.0,,0,0,
Motorcycle Pass By,Motorcycle Pass By,VEHMoto_Motorcycle Pass By_SCI01-235,MotorcyclePassByJ.wav | Space Science Fiction,Serafine Sci Fi,0011.0,,0,0,
Motorcycle Pass By,Motorcycle Pass By,VEHMoto_Motorcycle Pass By_SCI01-236,MotorcyclePassByK.wav | Space Science Fiction,Serafine Sci Fi,0007.0,,0,0,
Motorcycle Pass By,Motorcycle Pass By,VEHMoto_Motorcycle Pass By_SCI01-237,MotorcyclePassByL.wav | Space Science Fiction,Serafine Sci Fi,0020.0,,0,0,
Motorcycle Pass By,Motorcycle Pass By,VEHMoto_Motorcycle Pass By_SCI01-238,MotorcyclePassByM.wav | Space Science Fiction,Serafine Sci Fi,0011.0,,0,0,
Motorcycle Pass Bys,Motorcycle Pass Bys,VEHMoto_Motorcycle Pass Bys_SCI01-239,MotorcyclePassBysA.wav | Space Science Fiction,Serafine Sci Fi,0419.0,,0,0,
Motorcycle Pass Bys,Motorcycle Pass Bys,VEHMoto_Motorcycle Pass Bys_SCI01-240,MotorcyclePassBysB.wav | Space Science Fiction,Serafine Sci Fi,0127.0,,0,0,
Motorcycle Pass Bys,Motorcycle Pass Bys,VEHMoto_Motorcycle Pass Bys_SCI01-241,MotorcyclePassBysC.wav | Space Science Fiction,Serafine Sci Fi,0342.0,,0,0,
Motorcycle Rev And Go,Motorcycle Rev And Go,VEHMoto_Motorcycle Rev And Go_SCI01-242,MotorcycleRevAndGo.wav | Space Science Fiction,Serafine Sci Fi,0012.0,,0,0,
Neutrinos,Neutrinos,SCIEnrg_Neutrinos_SCI01-243,Neutrinos.wav | Space Science Fiction,Serafine Sci Fi,0029.0,,0,0,
Phazer Pistol: Alt. Lengths,Phaser Pistol: Alt. Lengths,LASRGun_Phazer Pistol Alt_SCI01-244,PhazerPistolAlt.wav | Space Science Fiction,Serafine Sci Fi,0026.0,,0,0,
Pipe Noises,Pipe Noises,METLMvmt_Pipe Noises_SCI01-245,PipeNoises.wav | Space Science Fiction,Serafine Sci Fi,0044.0,,0,0,
Plasma Laser : 3 Instances,Plasma Laser : 3 Instances,LASRGun_Plasma Laser Instances_SCI01-246,PlasmaLaser3Instances.wav | Space Science Fiction,Serafine Sci Fi,0012.0,,0,0,
Plasma Trails,Plasma Trails,LASRGun_Plasma Trails_SCI01-247,PlasmaTrailsA.wav | Space Science Fiction,Serafine Sci Fi,0036.0,,0,0,
Plasma Trails,Plasma Trails,LASRGun_Plasma Trails_SCI01-248,PlasmaTrailsB.wav | Space Science Fiction,Serafine Sci Fi,0034.0,,0,0,
Pneumatic Release,Pneumatic Release,AIRHiss_Pneumatic Release_SCI01-249,PneumaticRelease.wav | Space Science Fiction,Serafine Sci Fi,0027.0,,0,0,
Quake,Quake,NATDQuak_Destruction Quake_SCI01-085,DestructionQuake.wav | Space Science Fiction,Serafine Sci Fi,0050.0,,0,0,
Quakes 1: 10 Different Instances,Quakes 1: 10 Different Instances,NATDQuak_Destruction Quakes 110 Dif_SCI01-086,DestructionQuakes110Dif.wav | Space Science Fiction,Serafine Sci Fi,0057.0,,0,0,
Quakes 2: 8 Different Instances,Quakes 2: 8 Different Instances,NATDQuak_Destruction Quakes 28 Dif_SCI01-087,DestructionQuakes28Dif.wav | Space Science Fiction,Serafine Sci Fi,0130.0,,0,0,
Ray Gun,Ray Gun,LASRGun_Ray Gun_SCI01-250,RayGun.wav | Space Science Fiction,Serafine Sci Fi,0103.0,,0,0,
Refridgerator,Refrigerator,MACHAppl_Refridgerator_SCI01-251,Refridgerator.wav | Space Science Fiction,Serafine Sci Fi,0052.0,,0,0,
Retrorockets,Retro Rockets,AERORckt_Retrorockets_SCI01-252,Retrorockets.wav | Space Science Fiction,Serafine Sci Fi,0115.0,,0,0,
Robot Space Insects,Robot Space Insects,ROBTVox_Creature Robot Space Ins_SCI01-050,CreatureRobotSpaceIns.wav | Space Science Fiction,Serafine Sci Fi,0030.0,,0,0,
Robotic Insects Sinister,Robotic Insects Sinister,ROBTMisc_Creature Robotic Insects_SCI01-048,CreatureRoboticInsects.wav | Space Science Fiction,Serafine Sci Fi,0030.0,,0,0,
Robotic Malfunction Noises,Robotic Malfunction Noises,ROBTVox_Creature Robotic Malfunction_SCI01-049,CreatureRoboticMalfunction.wav | Space Science Fiction,Serafine Sci Fi,0513.0,,0,0,
Rocket Fly By,Rocket Fly By,AERORckt_Rocket Fly By_SCI01-253,RocketFlyBy.wav | Space Science Fiction,Serafine Sci Fi,0013.0,,0,0,
Rocket Launch Synthetic,Rocket Launch Synthetic,AERORckt_Rocket Launch Synthetic_SCI01-254,RocketLaunchSynthetic.wav | Space Science Fiction,Serafine Sci Fi,0051.0,,0,0,
Rocks Crushing Sliding,Rocks Crushing Sliding,ROCKMvmt_Rocks Crushing Sliding_SCI01-255,RocksCrushingSliding.wav | Space Science Fiction,Serafine Sci Fi,0255.0,,0,0,
Rocks Falling,Rocks Falling,ROCKMvmt_Rocks Falling_SCI01-256,RocksFalling.wav | Space Science Fiction,Serafine Sci Fi,0159.0,,0,0,
Rocks Small,Rocks Small,ROCKMvmt_Rocks Small_SCI01-257,RocksSmall.wav | Space Science Fiction,Serafine Sci Fi,0053.0,,0,0,
Rumble 1,Rumble 1,DSGNRmbl_Destruction Rumble_SCI01-088,DestructionRumbleA.wav | Space Science Fiction,Serafine Sci Fi,0030.0,,0,0,
Rumble 10,Rumble 10,DSGNRmbl_Destruction Rumble_SCI01-097,DestructionRumbleJ.wav | Space Science Fiction,Serafine Sci Fi,0032.0,,0,0,
Rumble 11,Rumble 11,DSGNRmbl_Destruction Rumble_SCI01-098,DestructionRumbleK.wav | Space Science Fiction,Serafine Sci Fi,0035.0,,0,0,
Rumble 12,Rumble 12,DSGNRmbl_Destruction Rumble_SCI01-099,DestructionRumbleL.wav | Space Science Fiction,Serafine Sci Fi,0048.0,,0,0,
Rumble 13,Rumble 13,DSGNRmbl_Destruction Rumble_SCI01-100,DestructionRumbleM.wav | Space Science Fiction,Serafine Sci Fi,0036.0,,0,0,
Rumble 14,Rumble 14,DSGNRmbl_Destruction Rumble_SCI01-101,DestructionRumbleN.wav | Space Science Fiction,Serafine Sci Fi,0049.0,,0,0,
Rumble 2,Rumble 2,DSGNRmbl_Destruction Rumble_SCI01-089,DestructionRumbleB.wav | Space Science Fiction,Serafine Sci Fi,0032.0,,0,0,
Rumble 3,Rumble 3,DSGNRmbl_Destruction Rumble_SCI01-090,DestructionRumbleC.wav | Space Science Fiction,Serafine Sci Fi,0030.0,,0,0,
Rumble 4,Rumble 4,DSGNRmbl_Destruction Rumble_SCI01-091,DestructionRumbleD.wav | Space Science Fiction,Serafine Sci Fi,0034.0,,0,0,
Rumble 5,Rumble 5,DSGNRmbl_Destruction Rumble_SCI01-092,DestructionRumbleE.wav | Space Science Fiction,Serafine Sci Fi,0044.0,,0,0,
Rumble 6,Rumble 6,DSGNRmbl_Destruction Rumble_SCI01-093,DestructionRumbleF.wav | Space Science Fiction,Serafine Sci Fi,0034.0,,0,0,
Rumble 7,Rumble 7,DSGNRmbl_Destruction Rumble_SCI01-094,DestructionRumbleG.wav | Space Science Fiction,Serafine Sci Fi,0047.0,,0,0,
Rumble 8,Rumble 8,DSGNRmbl_Destruction Rumble_SCI01-095,DestructionRumbleH.wav | Space Science Fiction,Serafine Sci Fi,0031.0,,0,0,
Rumble 9,Rumble 9,DSGNRmbl_Destruction Rumble_SCI01-096,DestructionRumbleI.wav | Space Science Fiction,Serafine Sci Fi,0033.0,,0,0,
Rumble With Whoosh,Rumble With Whoosh,DSGNRmbl_Rumble With Whoosh_SCI01-258,RumbleWithWhoosh.wav | Space Science Fiction,Serafine Sci Fi,0147.0,,0,0,
Rumble Analog Synth,Rumble Analog Synth,DSGNRmbl_Tone Analog Syn Rumble_SCI01-305,ToneAnalogSynRumble.wav | Space Science Fiction,Serafine Sci Fi,0040.0,,0,0,
Rumble Buzz,Rumble Buzz,DSGNRmbl_Destruction Buzz Rumble_SCI01-056,DestructionBuzzRumble.wav | Space Science Fiction,Serafine Sci Fi,0037.0,,0,0,
Rumble Moog,Rumble Moog,DSGNRmbl_Tone Moog Rumble_SCI01-397,ToneMoogRumble.wav | Space Science Fiction,Serafine Sci Fi,0316.0,,0,0,
Rumble Sequence,Rumble Sequence,LASRImpt_Destruction Rumble Sequence_SCI01-102,DestructionRumbleSequence.wav | Space Science Fiction,Serafine Sci Fi,0032.0,,0,0,
Rumble Sequence Low 1,Rumble Sequence Low 1,DSGNRmbl_Destruction Rumble Sequence Low_SCI01-103,DestructionRumbleSequenceLowA.wav | Space Science Fiction,Serafine Sci Fi,0006.0,,0,0,
Rumble Sequence Low 2,Rumble Sequence Low 2,DSGNRmbl_Destruction Rumble Sequence Low_SCI01-104,DestructionRumbleSequenceLowB.wav | Space Science Fiction,Serafine Sci Fi,0008.0,,0,0,
Rumble Sequence Low 3,Rumble Sequence Low 3,DSGNRmbl_Destruction Rumble Sequence Low_SCI01-105,DestructionRumbleSequenceLowC.wav | Space Science Fiction,Serafine Sci Fi,0007.0,,0,0,
Rumble Sequence Low 4,Rumble Sequence Low 4,DSGNRmbl_Destruction Rumble Sequence Low_SCI01-106,DestructionRumbleSequenceLowD.wav | Space Science Fiction,Serafine Sci Fi,0007.0,,0,0,
Rumble Sub,Rumble Sub,DSGNRmbl_Destruction Rumble Sub_SCI01-110,DestructionRumbleSub.wav | Space Science Fiction,Serafine Sci Fi,0330.0,,0,0,
Rumble Whoosh-Sweeping,Rumble Whoosh-Sweeping,DSGNRmbl_Destruction Rumble Whoosh_SCI01-111,DestructionRumbleWhoosh.wav | Space Science Fiction,Serafine Sci Fi,0044.0,,0,0,
Rumbles Low : Different Low Rumbles,Rumbles Low : Different Low Rumbles,DSGNRmbl_Destruction Rumbles Low Dif_SCI01-108,DestructionRumblesLowDif.wav | Space Science Fiction,Serafine Sci Fi,0140.0,,0,0,
Rumbles Synth-Low,Rumbles Synth-Low,DSGNRmbl_Destruction Rumbles Synthlow_SCI01-109,DestructionRumblesSynthlow.wav | Space Science Fiction,Serafine Sci Fi,0032.0,,0,0,
Rumbleslides: 8 Different Instances,Rumble Slides: 8 Different Instances,DESTRCrsh_Destruction Rumbleslides_SCI01-107,DestructionRumbleslides8.wav | Space Science Fiction,Serafine Sci Fi,0033.0,,0,0,
Satellite Fly Bys,Satellite Fly Bys,SCIShip_Satellite Fly Bys_SCI01-259,SatelliteFlyBys.wav | Space Science Fiction,Serafine Sci Fi,0027.0,,0,0,
Space Fx Sounds,Space Fx Sounds,DSGNDron_Tone Space Fx Sounds_SCI01-398,ToneSpaceFxSounds.wav | Space Science Fiction,Serafine Sci Fi,0203.0,,0,0,
Space Shooters,Space Shooters,SCIMach_Space Shooters_SCI01-260,SpaceShooters.wav | Space Science Fiction,Serafine Sci Fi,0053.0,,0,0,
Steam Release,Steam Release,AIRBrst_Steam Release_SCI01-261,SteamRelease.wav | Space Science Fiction,Serafine Sci Fi,0056.0,,0,0,
Stun Gun: 7 Instances,Stun Gun: 7 Instances,LASRGun_Stun Gun Instances_SCI01-262,StunGun7Instances.wav | Space Science Fiction,Serafine Sci Fi,0037.0,,0,0,
Sweeps,Sweeps,LASRBeam_Sweeps_SCI01-263,Sweeps.wav | Space Science Fiction,Serafine Sci Fi,0021.0,,0,0,
Swishes & Swooshes 1: Alt. Length & Intensity,Swishes & Swooshes 1: Alt. Length & Intensity,DSGNWhsh_Swishes Swooshes_SCI01-266,SwishesSwooshesA.wav | Space Science Fiction,Serafine Sci Fi,0124.0,,0,0,
Swishes & Swooshes 2: Alt. Length & Intensity Various,Swishes & Swooshes 2: Alt. Length & Intensity Various,DSGNWhsh_Swishes Swooshes_SCI01-267,SwishesSwooshesB.wav | Space Science Fiction,Serafine Sci Fi,0046.0,,0,0,
Swishes Little,Swishes Little,SWSH_Swishes Little_SCI01-264,SwishesLittle.wav | Space Science Fiction,Serafine Sci Fi,0030.0,,0,0,
Swishes Pitched: 8 Instances,Swishes Pitched: 8 Instances,DSGNWhsh_Swishes Pitched_SCI01-265,SwishesPitched8.wav | Space Science Fiction,Serafine Sci Fi,0047.0,,0,0,
Tank Inside,Tank Inside,GUNArtl_Tank Inside_SCI01-268,TankInside.wav | Space Science Fiction,Serafine Sci Fi,0010.0,,0,0,
Temporal Acrobatics: 3 Instances,Temporal Acrobatics: 3 Instances,SCIEnrg_Temporal Acrobat_SCI01-269,TemporalAcrobat.wav | Space Science Fiction,Serafine Sci Fi,0015.0,,0,0,
Thrust,Thrust,DSGNRmbl_Thrust_SCI01-270,Thrust.wav | Space Science Fiction,Serafine Sci Fi,0009.0,,0,0,
Thunder,Thunder,THUN_Thunder_SCI01-271,ThunderA.wav | Space Science Fiction,Serafine Sci Fi,0030.0,,0,0,
Thunder,Thunder,THUN_Thunder_SCI01-272,ThunderB.wav | Space Science Fiction,Serafine Sci Fi,0141.0,,0,0,
Time Warp,Time Warp,SCIEnrg_Time Warp_SCI01-273,TimeWarp.wav | Space Science Fiction,Serafine Sci Fi,0016.0,,0,0,
Tone Alarm Beep High Double,Tone Alarm Beep High Double,UIAlert_Tone Alarm Beep High Double_SCI01-275,ToneAlarmBeepHighDouble.wav | Space Science Fiction,Serafine Sci Fi,0004.0,,0,0,
Tone Alarm Beep High Rise,Tone Alarm Beep High Rise,UIAlert_Tone Alarm Beep High Rise_SCI01-276,ToneAlarmBeepHighRise.wav | Space Science Fiction,Serafine Sci Fi,0004.0,,0,0,
Tone Alarm Beep High Rise Long,Tone Alarm Beep High Rise Long,UIAlert_Tone Alarm Beep High Rise Long_SCI01-277,ToneAlarmBeepHighRiseLongA.wav | Space Science Fiction,Serafine Sci Fi,0013.0,,0,0,
Tone Alarm Beep High Rise Long,Tone Alarm Beep High Rise Long,UIAlert_Tone Alarm Beep High Rise Long_SCI01-278,ToneAlarmBeepHighRiseLongB.wav | Space Science Fiction,Serafine Sci Fi,0003.0,,0,0,
Tone Alarm Beep Pulse High,Tone Alarm Beep Pulse High,UIAlert_Tone Alarm Beep Pulse High_SCI01-279,ToneAlarmBeepPulseHigh.wav | Space Science Fiction,Serafine Sci Fi,0004.0,,0,0,
Tone Alarm Beep Pulse High Rise,Tone Alarm Beep Pulse High Rise,UIAlert_Tone Alarm Beep Pulse High Rise_SCI01-280,ToneAlarmBeepPulseHighRise.wav | Space Science Fiction,Serafine Sci Fi,0003.0,,0,0,
Tone Alarm Beep Rise High,Tone Alarm Beep Rise High,UIAlert_Tone Alarm Beep Rise High_SCI01-281,ToneAlarmBeepRiseHigh.wav | Space Science Fiction,Serafine Sci Fi,0004.0,,0,0,
Tone Alarm Industrial Long,Tone Alarm Industrial Long,ALRMBuzr_Tone Alarm Industrial Long_SCI01-285,ToneAlarmIndustrialLong.wav | Space Science Fiction,Serafine Sci Fi,0004.0,,0,0,
Tone Alarm Pulse,Tone Alarm Pulse,ALRMElec_Tone Alarm Pulse_SCI01-289,ToneAlarmPulse.wav | Space Science Fiction,Serafine Sci Fi,0004.0,,0,0,
Tone Alarm Rumble Up Long,Tone Alarm Rumble Up Long,ALRMElec_Tone Alarm Rumble Up Long_SCI01-297,ToneAlarmRumbleUpLong.wav | Space Science Fiction,Serafine Sci Fi,0009.0,,0,0,
Tone Alarm Squeeky Left Channel,Tone Alarm Squeeky Left Channel,ALRMElec_Tone Alarm Squeeky Left Channel_SCI01-299,ToneAlarmSqueekyLeftChannel.wav | Space Science Fiction,Serafine Sci Fi,0004.0,,0,0,
Tone Alarm Up,Tone Alarm Up,SCIAlrm_Tone Alarm Up_SCI01-301,ToneAlarmUp.wav | Space Science Fiction,Serafine Sci Fi,0004.0,,0,0,
Tone Alarm Up,Tone Alarm Up,SCIAlrm_Tone Alarm Up_SCI01-302,ToneAlarmUpB.wav | Space Science Fiction,Serafine Sci Fi,0004.0,,0,0,
Tone Arcade Bounce Up,Tone Arcade Bounce Up,GAMEArcd_Tone Arcade Bounce Up_SCI01-307,ToneArcadeBounceUpA.wav | Space Science Fiction,Serafine Sci Fi,0004.0,,0,0,
Tone Arcade Bounce Up,Tone Arcade Bounce Up,GAMEArcd_Tone Arcade Bounce Up_SCI01-308,ToneArcadeBounceUpB.wav | Space Science Fiction,Serafine Sci Fi,0004.0,,0,0,
Tone Beep Bells Resonating Pulse,Tone Beep Bells Resonating Pulse,SCIAlrm_Tone Beep Bells Resonating Pulse_SCI01-310,ToneBeepBellsResonatingPulse.wav | Space Science Fiction,Serafine Sci Fi,0004.0,,0,0,
Tone Beep Multiple,Tone Beep Multiple,UIBeep_Tone Beep Multiple_SCI01-312,ToneBeepMultiple.wav | Space Science Fiction,Serafine Sci Fi,0005.0,,0,0,
Tone Beep Oscillating,Tone Beep Oscillating,UIBeep_Tone Beep Oscillating_SCI01-313,ToneBeepOscillatingA.wav | Space Science Fiction,Serafine Sci Fi,0003.0,,0,0,
Tone Beep Oscillating,Tone Beep Oscillating,UIBeep_Tone Beep Oscillating_SCI01-314,ToneBeepOscillatingB.wav | Space Science Fiction,Serafine Sci Fi,0003.0,,0,0,
Tone Beep Oscillating,Tone Beep Oscillating,UIBeep_Tone Beep Oscillating_SCI01-315,ToneBeepOscillatingC.wav | Space Science Fiction,Serafine Sci Fi,0004.0,,0,0,
Tone Beep Oscillating,Tone Beep Oscillating,UIBeep_Tone Beep Oscillating_SCI01-316,ToneBeepOscillatingD.wav | Space Science Fiction,Serafine Sci Fi,0003.0,,0,0,
Tone Beep Oscillating Fall Long,Tone Beep Oscillating Fall Long,UIBeep_Tone Beep Oscillating Fall Long_SCI01-317,ToneBeepOscillatingFallLong.wav | Space Science Fiction,Serafine Sci Fi,0016.0,,0,0,
Tone Beep Oscillating Low Slow,Tone Beep Oscillating Low Slow,UIBeep_Tone Beep Oscillating Low Slow_SCI01-318,ToneBeepOscillatingLowSlowA.wav | Space Science Fiction,Serafine Sci Fi,0004.0,,0,0,
Tone Beep Oscillating Low Slow,Tone Beep Oscillating Low Slow,UIBeep_Tone Beep Oscillating Low Slow_SCI01-319,ToneBeepOscillatingLowSlowB.wav | Space Science Fiction,Serafine Sci Fi,0004.0,,0,0,
Tone Beep Percussion,Tone Beep Percussion,UIBeep_Tone Beep Percussion_SCI01-320,ToneBeepPercussionA.wav | Space Science Fiction,Serafine Sci Fi,0004.0,,0,0,
Tone Beep Percussion,Tone Beep Percussion,UIBeep_Tone Beep Percussion_SCI01-321,ToneBeepPercussionB.wav | Space Science Fiction,Serafine Sci Fi,0004.0,,0,0,
Tone Beep Percussion,Tone Beep Percussion,UIBeep_Tone Beep Percussion_SCI01-322,ToneBeepPercussionC.wav | Space Science Fiction,Serafine Sci Fi,0004.0,,0,0,
Tone Beep Percussion Flam,Tone Beep Percussion Flam,UIBeep_Tone Beep Percussion Flam_SCI01-323,ToneBeepPercussionFlamA.wav | Space Science Fiction,Serafine Sci Fi,0004.0,,0,0,
Tone Beep Percussion Flam,Tone Beep Percussion Flam,UIBeep_Tone Beep Percussion Flam_SCI01-324,ToneBeepPercussionFlamB.wav | Space Science Fiction,Serafine Sci Fi,0004.0,,0,0,
Tone Beep Percussion Flam,Tone Beep Percussion Flam,UIBeep_Tone Beep Percussion Flam_SCI01-325,ToneBeepPercussionFlamC.wav | Space Science Fiction,Serafine Sci Fi,0004.0,,0,0,
Tone Beep Percussion Flam,Tone Beep Percussion Flam,UIBeep_Tone Beep Percussion Flam_SCI01-326,ToneBeepPercussionFlamD.wav | Space Science Fiction,Serafine Sci Fi,0004.0,,0,0,
Tone Beep Percussion High,Tone Beep Percussion High,UIBeep_Tone Beep Percussion High_SCI01-327,ToneBeepPercussionHigh.wav | Space Science Fiction,Serafine Sci Fi,0004.0,,0,0,
Tone Beep Percussion Resonating,Tone Beep Percussion Resonating,UIBeep_Tone Beep Percussion Resonating_SCI01-328,ToneBeepPercussionResonating.wav | Space Science Fiction,Serafine Sci Fi,0004.0,,0,0,
Tone Beep Pulse,Tone Beep Pulse,UIBeep_Tone Beep Pulse_SCI01-329,ToneBeepPulseA.wav | Space Science Fiction,Serafine Sci Fi,0004.0,,0,0,
Tone Beep Pulse,Tone Beep Pulse,UIBeep_Tone Beep Pulse_SCI01-330,ToneBeepPulseB.wav | Space Science Fiction,Serafine Sci Fi,0004.0,,0,0,
Tone Beep Pulse High Fast,Tone Beep Pulse High Fast,UIBeep_Tone Beep Pulse High Fast_SCI01-331,ToneBeepPulseHighFastA.wav | Space Science Fiction,Serafine Sci Fi,0004.0,,0,0,
Tone Beep Pulse High Long,Tone Beep Pulse High Long,UIBeep_Tone Beep Pulse High Long_SCI01-333,ToneBeepPulseHighLong.wav | Space Science Fiction,Serafine Sci Fi,0023.0,,0,0,
Tone Beep Pulse High Short,Tone Beep Pulse High Short,UIBeep_Tone Beep Pulse High Short_SCI01-334,ToneBeepPulseHighShort.wav | Space Science Fiction,Serafine Sci Fi,0006.0,,0,0,
Tone Beep Pulse Low Down,Tone Beep Pulse Low Down,UIBeep_Tone Beep Pulse Low Down_SCI01-335,ToneBeepPulseLowDown.wav | Space Science Fiction,Serafine Sci Fi,0004.0,,0,0,
Tone Beep Pulse Up,Tone Beep Pulse Up,UIBeep_Tone Beep Pulse Up_SCI01-336,ToneBeepPulseUp.wav | Space Science Fiction,Serafine Sci Fi,0005.0,,0,0,
Tone Beep Radar Static Double,Tone Beep Radar Static Double,UIBeep_Tone Beep Radar Static Double_SCI01-337,ToneBeepRadarStaticDouble.wav | Space Science Fiction,Serafine Sci Fi,0004.0,,0,0,
Tone Beep Radar Static Single,Tone Beep Radar Static Single,UIBeep_Tone Beep Radar Static Single_SCI01-339,ToneBeepRadarStaticSingle.wav | Space Science Fiction,Serafine Sci Fi,0004.0,,0,0,
Tone Beep Resonating,Tone Beep Resonating,UIBeep_Tone Beep Resonating_SCI01-340,ToneBeepResonating.wav | Space Science Fiction,Serafine Sci Fi,0004.0,,0,0,
Tone Beep Resonating Flam,Tone Beep Resonating Flam,UIBeep_Tone Beep Resonating Flam_SCI01-341,ToneBeepResonatingFlamA.wav | Space Science Fiction,Serafine Sci Fi,0004.0,,0,0,
Tone Beep Resonating Flam,Tone Beep Resonating Flam,UIBeep_Tone Beep Resonating Flam_SCI01-342,ToneBeepResonatingFlamB.wav | Space Science Fiction,Serafine Sci Fi,0004.0,,0,0,
Tone Beep Resonating Pulse Up,Tone Beep Resonating Pulse Up,UIBeep_Tone Beep Resonating Pulse Up_SCI01-343,ToneBeepResonatingPulseUp.wav | Space Science Fiction,Serafine Sci Fi,0005.0,,0,0,
Tone Beep Reverse,Tone Beep Reverse,SCIEnrg_Tone Beep Reverse_SCI01-344,ToneBeepReverse.wav | Space Science Fiction,Serafine Sci Fi,0004.0,,0,0,
Tone Beep Reverse Down Up Down Up,Tone Beep Reverse Down Up Down Up,SCIEnrg_Tone Beep Reverse Down Up Down Up_SCI01-345,ToneBeepReverseDownUpDownUp.wav | Space Science Fiction,Serafine Sci Fi,0007.0,,0,0,
Tone Beep Reverse Low,Tone Beep Reverse Low,SCIEnrg_Tone Beep Reverse Low_SCI01-346,ToneBeepReverseLowA.wav | Space Science Fiction,Serafine Sci Fi,0004.0,,0,0,
Tone Beep Reverse Low,Tone Beep Reverse Low,SCIEnrg_Tone Beep Reverse Low_SCI01-347,ToneBeepReverseLowB.wav | Space Science Fiction,Serafine Sci Fi,0003.0,,0,0,
Tone Beep Reverse Low,Tone Beep Reverse Low,SCIEnrg_Tone Beep Reverse Low_SCI01-348,ToneBeepReverseLowC.wav | Space Science Fiction,Serafine Sci Fi,0005.0,,0,0,
Tone Beep Reverse Low,Tone Beep Reverse Low,SCIEnrg_Tone Beep Reverse Low_SCI01-349,ToneBeepReverseLowD.wav | Space Science Fiction,Serafine Sci Fi,0004.0,,0,0,
Tone Beep Reverse Resonating Double,Tone Beep Reverse Resonating Double,SCIEnrg_Tone Beep Reverse Resonating Double_SCI01-351,ToneBeepReverseResonatingDouble.wav | Space Science Fiction,Serafine Sci Fi,0004.0,,0,0,
Tone Beep Reverse Resonating Single,Tone Beep Reverse Resonating Single,SCIEnrg_Tone Beep Reverse Resonating Single_SCI01-352,ToneBeepReverseResonatingSingle.wav | Space Science Fiction,Serafine Sci Fi,0004.0,,0,0,
Tone Beep Reverse Resonating Variation,Tone Beep Reverse Resonating Variation,SCIEnrg_Tone Beep Reverse Resonating Variation_SCI01-353,ToneBeepReverseResonatingVariationA.wav | Space Science Fiction,Serafine Sci Fi,0005.0,,0,0,
Tone Beep Reverse Resonating Variation,Tone Beep Reverse Resonating Variation,SCIEnrg_Tone Beep Reverse Resonating Variation_SCI01-354,ToneBeepReverseResonatingVariationB.wav | Space Science Fiction,Serafine Sci Fi,0004.0,,0,0,
Tone Beep Reverse Up,Tone Beep Reverse Up,SCIEnrg_Tone Beep Reverse Up_SCI01-355,ToneBeepReverseUp.wav | Space Science Fiction,Serafine Sci Fi,0004.0,,0,0,
Tone Beep Sequence Down,Tone Beep Sequence Down,SCICmpt_Tone Beep Sequence Down_SCI01-361,ToneBeepSequenceDownA.wav | Space Science Fiction,Serafine Sci Fi,0005.0,,0,0,
Tone Beep Sequence Down,Tone Beep Sequence Down,SCICmpt_Tone Beep Sequence Down_SCI01-362,ToneBeepSequenceDownB.wav | Space Science Fiction,Serafine Sci Fi,0004.0,,0,0,
Tone Beep Sequence Down,Tone Beep Sequence Down,SCICmpt_Tone Beep Sequence Down_SCI01-363,ToneBeepSequenceDownC.wav | Space Science Fiction,Serafine Sci Fi,0004.0,,0,0,
Tone Beep Sequence Fall Fast Long,Tone Beep Sequence Fall Fast Long,SCICmpt_Tone Beep Sequence Fall Fast Long_SCI01-364,ToneBeepSequenceFallFastLong.wav | Space Science Fiction,Serafine Sci Fi,0006.0,,0,0,
Tone Beep Sequence Fall Fast Pause,Tone Beep Sequence Fall Fast Pause,SCICmpt_Tone Beep Sequence Fall Fast Pause_SCI01-365,ToneBeepSequenceFallFastPause.wav | Space Science Fiction,Serafine Sci Fi,0004.0,,0,0,
Tone Beep Sequence Fast,Tone Beep Sequence Fast,SCICmpt_Tone Beep Sequence Fast_SCI01-366,ToneBeepSequenceFast.wav | Space Science Fiction,Serafine Sci Fi,0003.0,,0,0,
Tone Beep Sequence Long,Tone Beep Sequence Long,SCICmpt_Tone Beep Sequence Long_SCI01-367,ToneBeepSequenceLong.wav | Space Science Fiction,Serafine Sci Fi,0005.0,,0,0,
Tone Beep Sequence Resonating,Tone Beep Sequence Resonating,COMTelm_Tone Beep Sequence Resonating_SCI01-368,ToneBeepSequenceResonatingA.wav | Space Science Fiction,Serafine Sci Fi,0004.0,,0,0,
Tone Beep Sequence Resonating,Tone Beep Sequence Resonating,COMTelm_Tone Beep Sequence Resonating_SCI01-369,ToneBeepSequenceResonatingB.wav | Space Science Fiction,Serafine Sci Fi,0004.0,,0,0,
Tone Beep Sequence Resonating,Tone Beep Sequence Resonating,COMTelm_Tone Beep Sequence Resonating_SCI01-370,ToneBeepSequenceResonatingC.wav | Space Science Fiction,Serafine Sci Fi,0004.0,,0,0,
Tone Beep Sequence Resonating Double,Tone Beep Sequence Resonating Double,COMTelm_Tone Beep Sequence Resonating Double_SCI01-371,ToneBeepSequenceResonatingDouble.wav | Space Science Fiction,Serafine Sci Fi,0004.0,,0,0,
Tone Beep Sequence Resonating Fall,Tone Beep Sequence Resonating Fall,COMTelm_Tone Beep Sequence Resonating Fall_SCI01-372,ToneBeepSequenceResonatingFall.wav | Space Science Fiction,Serafine Sci Fi,0001.0,,0,0,
Tone Beep Sequence Resonating Fall Fast,Tone Beep Sequence Resonating Fall Fast,COMTelm_Tone Beep Sequence Resonating Fall Fast_SCI01-373,ToneBeepSequenceResonatingFallFast.wav | Space Science Fiction,Serafine Sci Fi,0004.0,,0,0,
Tone Beep Sequence Resonating Long,Tone Beep Sequence Resonating Long,COMTelm_Tone Beep Sequence Resonating Long_SCI01-374,ToneBeepSequenceResonatingLongA.wav | Space Science Fiction,Serafine Sci Fi,0004.0,,0,0,
Tone Beep Sequence Resonating Long,Tone Beep Sequence Resonating Long,COMTelm_Tone Beep Sequence Resonating Long_SCI01-375,ToneBeepSequenceResonatingLongB.wav | Space Science Fiction,Serafine Sci Fi,0003.0,,0,0,
Tone Beep Sequence Resonating Long,Tone Beep Sequence Resonating Long,COMTelm_Tone Beep Sequence Resonating Long_SCI01-376,ToneBeepSequenceResonatingLongC.wav | Space Science Fiction,Serafine Sci Fi,0003.0,,0,0,
Tone Beep Sequence Resonating Up,Tone Beep Sequence Resonating Up,COMTelm_Tone Beep Sequence Resonating Up_SCI01-377,ToneBeepSequenceResonatingUp.wav | Space Science Fiction,Serafine Sci Fi,0004.0,,0,0,
Tone Beep Sequence Ripple Fall Fast,Tone Beep Sequence Ripple Fall Fast,COMTelm_Tone Beep Sequence Ripple Fall Fast_SCI01-378,ToneBeepSequenceRippleFallFast.wav | Space Science Fiction,Serafine Sci Fi,0003.0,,0,0,
Tone Beep Sequence Static,Tone Beep Sequence Static,COMTelm_Tone Beep Sequence Static_SCI01-379,ToneBeepSequenceStaticA.wav | Space Science Fiction,Serafine Sci Fi,0004.0,,0,0,
Tone Beep Sequence Static,Tone Beep Sequence Static,COMTelm_Tone Beep Sequence Static_SCI01-380,ToneBeepSequenceStaticB.wav | Space Science Fiction,Serafine Sci Fi,0004.0,,0,0,
Tone Beep Sequence Static,Tone Beep Sequence Static,COMTelm_Tone Beep Sequence Static_SCI01-381,ToneBeepSequenceStaticD.wav | Space Science Fiction,Serafine Sci Fi,0004.0,,0,0,
Tone Beep Sequence Static Fall Fast,Tone Beep Sequence Static Fall Fast,COMTelm_Tone Beep Sequence Static Fall Fast_SCI01-382,ToneBeepSequenceStaticFallFast.wav | Space Science Fiction,Serafine Sci Fi,0004.0,,0,0,
Tone Beep Static,Tone Beep Static,UIBeep_Tone Beep Static_SCI01-385,ToneBeepStaticA.wav | Space Science Fiction,Serafine Sci Fi,0003.0,,0,0,
Tone Beep Static,Tone Beep Static,UIBeep_Tone Beep Static_SCI01-386,ToneBeepStaticB.wav | Space Science Fiction,Serafine Sci Fi,0004.0,,0,0,
Tone Beep Static Fall,Tone Beep Static Fall,UIBeep_Tone Beep Static Fall_SCI01-387,ToneBeepStaticFall.wav | Space Science Fiction,Serafine Sci Fi,0003.0,,0,0,
Tone Beep Static Variation,Tone Beep Static Variation,UIBeep_Tone Beep Static Variation_SCI01-390,ToneBeepStaticVariationA.wav | Space Science Fiction,Serafine Sci Fi,0004.0,,0,0,
Tone Beep Static Variation,Tone Beep Static Variation,UIBeep_Tone Beep Static Variation_SCI01-391,ToneBeepStaticVariationB.wav | Space Science Fiction,Serafine Sci Fi,0004.0,,0,0,
Tone Beep Variation Double,Tone Beep Variation Double,UIBeep_Tone Beep Variation Double_SCI01-393,ToneBeepVariationDouble.wav | Space Science Fiction,Serafine Sci Fi,0004.0,,0,0,
Tone Beep Variation High Double,Tone Beep Variation High Double,UIBeep_Tone Beep Variation High Double_SCI01-394,ToneBeepVariationHighDouble.wav | Space Science Fiction,Serafine Sci Fi,0004.0,,0,0,
Tone Beep Variation Up,Tone Beep Variation Up,UIBeep_Tone Beep Variation Up_SCI01-396,ToneBeepVariationUp.wav | Space Science Fiction,Serafine Sci Fi,0013.0,,0,0,
Tone Beep Variations,Tone Beep Variations,UIBeep_Tone Beep Variations_SCI01-395,ToneBeepVariations.wav | Space Science Fiction,Serafine Sci Fi,0004.0,,0,0,
Tone Beeps Down Short,Tone Beeps Down Short,UIBeep_Tone Beeps Down Short_SCI01-360,ToneBeepsDownShort.wav | Space Science Fiction,Serafine Sci Fi,0004.0,,0,0,
Train Passing By,Train Passing By,TRNMisc_Train Passing By_SCI01-399,TrainPassingBy.wav | Space Science Fiction,Serafine Sci Fi,0027.0,,0,0,
Transmitter Defective,Transmitter Defective,COMStatic_Transmitter Defective_SCI01-400,TransmitterDefective.wav | Space Science Fiction,Serafine Sci Fi,0047.0,,0,0,
Turbine Rattling,Turbine Rattling,MOTRTurb_Turbine Rattling_SCI01-401,TurbineRattling.wav | Space Science Fiction,Serafine Sci Fi,0042.0,,0,0,
Turbo Lifts,Turbo Lifts,SCIEnrg_Turbo Lifts_SCI01-402,TurboLifts.wav | Space Science Fiction,Serafine Sci Fi,0127.0,,0,0,
Vehicle Sounds Futuristic,Vehicle Sounds Futuristic,SCIVeh_Vehicle Sounds Futuristic_SCI01-403,VehicleSoundsFuturistic.wav | Space Science Fiction,Serafine Sci Fi,0051.0,,0,0,
Voltage,Voltage,ELECArc_Voltage_SCI01-404,VoltageA.wav | Space Science Fiction,Serafine Sci Fi,0036.0,,0,0,
Voltage,Voltage,ELECArc_Voltage_SCI01-405,VoltageB.wav | Space Science Fiction,Serafine Sci Fi,0029.0,,0,0,
Voltage,Voltage,ELECArc_Voltage_SCI01-406,VoltageC.wav | Space Science Fiction,Serafine Sci Fi,0045.0,,0,0,
Voltage,Voltage,ELECArc_Voltage_SCI01-407,VoltageD.wav | Space Science Fiction,Serafine Sci Fi,0019.0,,0,0,
Weapons Materialize: 4 Instances,Weapons Materialize: 4 Instances,DSGNErie_Weapons Material_SCI01-408,WeaponsMaterial.wav | Space Science Fiction,Serafine Sci Fi,0028.0,,0,0,
Werewolf Angry,Werewolf Angry,CREAHmn_Creature Werewolf Angry_SCI01-051,CreatureWerewolfAngry.wav | Space Science Fiction,Serafine Sci Fi,0043.0,,0,0,
Whoosh Explosive,Whoosh Explosive,DSGNWhsh_Whoosh Explosive_SCI01-413,WhooshExplosive.wav | Space Science Fiction,Serafine Sci Fi,0010.0,,0,0,
Whoosh Intense,Whoosh Intense,DSGNWhsh_Whoosh Intense_SCI01-414,WhooshIntense.wav | Space Science Fiction,Serafine Sci Fi,0034.0,,0,0,
Whoosh-By 1,Whoosh-By 1,DSGNWhsh_Whooshby_SCI01-409,WhooshbyA.wav | Space Science Fiction,Serafine Sci Fi,0006.0,,0,0,
Whoosh-By 2,Whoosh-By 2,DSGNWhsh_Whooshby_SCI01-410,WhooshbyB.wav | Space Science Fiction,Serafine Sci Fi,0006.0,,0,0,
Whoosh-By 3,Whoosh-By 3,DSGNWhsh_Whooshby_SCI01-411,WhooshbyC.wav | Space Science Fiction,Serafine Sci Fi,0006.0,,0,0,
Whoosh-By 4,Whoosh-By 4,DSGNWhsh_Whooshby_SCI01-412,WhooshbyD.wav | Space Science Fiction,Serafine Sci Fi,0006.0,,0,0,
Wind Synthetic,Wind Synthetic,WINDDsgn_Wind Synthetic_SCI01-415,WindSyntheticA.wav | Space Science Fiction,Serafine Sci Fi,0059.0,,0,0,
Wind Synthetic,Wind Synthetic,WINDDsgn_Wind Synthetic_SCI01-416,WindSyntheticB.wav | Space Science Fiction,Serafine Sci Fi,0101.0,,0,0,
Wind Synthetic,Wind Synthetic,WINDDsgn_Wind Synthetic_SCI01-417,WindSyntheticC.wav | Space Science Fiction,Serafine Sci Fi,0052.0,,0,0,
Wormhole Twists,Wormhole Twists,SCIEnrg_Wormhole Twists_SCI01-418,WormholeTwists.wav | Space Science Fiction,Serafine Sci Fi,0018.0,,0,0,
X-Ton Laser: 4 Instances,X-Ton Laser: 4 Instances,LASRGun_Xton Laser Instances_SCI01-419,XtonLaser4Instances.wav | Space Science Fiction,Serafine Sci Fi,0016.0,,0,0,
Y-Laser: 9 Instances,Y-Laser: 9 Instances,LASRGun_Ylaser Instances_SCI01-420,Ylaser9Instances.wav | Space Science Fiction,Serafine Sci Fi,0040.0,,0,0,
Zoom Whooshes: 3 Instances,Zoom Whooshes: 3 Instances,DSGNWhsh_Zoom Whooshes_SCI01-421,ZoomWhooshes.wav | Space Science Fiction,Serafine Sci Fi,0019.0,,0,0,
